Местоположения 1,Местоположения 2,самая частая трасса
"19. ст. метро «Крестовский остров» (Морской просп., 45) "," 19. ст. метро «Крестовский остров» (Морской просп., 45)",1055.0
24. ст. метро «Горьковская» , 24. ст. метро «Горьковская»,502.0
23. ст. метро «Василеостровская» , 23. ст. метро «Василеостровская»,452.0
"29. Кораблестроителей ул., Park Inn "," 29. Кораблестроителей ул., Park Inn",431.0
"09. Невский просп., 35 "," 09. Невский просп., 35",422.0
"06. Малая Морская ул., 4/1 лит.А "," 06. Малая Морская ул., 4/1 лит.А",373.0
"07. Марсово поле, 3 "," 07. Марсово поле, 3",338.0
"28. Чернышевского просп, 20 "," 28. Чернышевского просп, 20",336.0
16. ст. метро «Петроградская» (Площадь Льва Толстого) , 16. ст. метро «Петроградская» (Площадь Льва Толстого),289.0
"11. Новочеркасский просп., 41/14 "," 11. Новочеркасский просп., 41/14",260.0
27. ст. метро «Чкаловская» , 27. ст. метро «Чкаловская»,258.0
"15. ул. Комсомола, 35 (Площадь Ленина) "," 15. ул. Комсомола, 35 (Площадь Ленина)",256.0
25. ст. метро «Приморская» ," 29. Кораблестроителей ул., Park Inn",239.0
"04. Загородный просп., 74 "," 04. Загородный просп., 74",239.0
25. ст. метро «Приморская» , 25. ст. метро «Приморская»,232.0
"20. Сенная площадь, 5 "," 20. Сенная площадь, 5",229.0
"01. Вознесенский просп., 1 "," 01. Вознесенский просп., 1",225.0
"29. Кораблестроителей ул., Park Inn ", 25. ст. метро «Приморская»,217.0
26. ст. метро «Спортивная» , 26. ст. метро «Спортивная»,211.0
"13. Лиговский просп., 16 (Московский Вокзал) "," 13. Лиговский просп., 16 (Московский Вокзал)",202.0
05. ст. метро «Лиговский проспект» , 05. ст. метро «Лиговский проспект»,190.0
23. ст. метро «Василеостровская» , 26. ст. метро «Спортивная»,184.0
24. ст. метро «Горьковская» ," 07. Марсово поле, 3",182.0
16. ст. метро «Петроградская» (Площадь Льва Толстого) , 24. ст. метро «Горьковская»,177.0
12. Площадь Балтийского вокзала , 12. Площадь Балтийского вокзала,163.0
23. ст. метро «Василеостровская» , 25. ст. метро «Приморская»,162.0
"02. Лиговский просп., 153 (ТЦ ""Лиговъ"") "," 02. Лиговский просп., 153 (ТЦ ""Лиговъ"")",161.0
26. ст. метро «Спортивная» , 24. ст. метро «Горьковская»,152.0
27. ст. метро «Чкаловская» , 16. ст. метро «Петроградская» (Площадь Льва Толстого),148.0
"03. Греческая площадь, Автостоянка №12 "," 03. Греческая площадь, Автостоянка №12",147.0
27. ст. метро «Чкаловская» ," 19. ст. метро «Крестовский остров» (Морской просп., 45)",147.0
10. Площадь Восстания , 10. Площадь Восстания,143.0
24. ст. метро «Горьковская» , 16. ст. метро «Петроградская» (Площадь Льва Толстого),141.0
24. ст. метро «Горьковская» , 26. ст. метро «Спортивная»,139.0
"14. Площадь Искусств, 3 "," 14. Площадь Искусств, 3",138.0
26. ст. метро «Спортивная» , 23. ст. метро «Василеостровская»,138.0
16. ст. метро «Петроградская» (Площадь Льва Толстого) , 27. ст. метро «Чкаловская»,137.0
"06. Малая Морская ул., 4/1 лит.А "," 09. Невский просп., 35",133.0
25. ст. метро «Приморская» , 23. ст. метро «Василеостровская»,133.0
"06. Малая Морская ул., 4/1 лит.А ", 23. ст. метро «Василеостровская»,132.0
"09. Невский просп., 35 "," 06. Малая Морская ул., 4/1 лит.А",128.0
"07. Марсово поле, 3 ", 24. ст. метро «Горьковская»,123.0
"19. ст. метро «Крестовский остров» (Морской просп., 45) ", 27. ст. метро «Чкаловская»,120.0
"09. Невский просп., 35 "," 13. Лиговский просп., 16 (Московский Вокзал)",119.0
23. ст. метро «Василеостровская» ," 06. Малая Морская ул., 4/1 лит.А",117.0
"06. Малая Морская ул., 4/1 лит.А "," 01. Вознесенский просп., 1",116.0
27. ст. метро «Чкаловская» , 23. ст. метро «Василеостровская»,115.0
24. ст. метро «Горьковская» , 27. ст. метро «Чкаловская»,110.0
"01. Вознесенский просп., 1 ", 23. ст. метро «Василеостровская»,109.0
"29. Кораблестроителей ул., Park Inn ", 23. ст. метро «Василеостровская»,104.0
"15. ул. Комсомола, 35 (Площадь Ленина) ", 24. ст. метро «Горьковская»,102.0
23. ст. метро «Василеостровская» ," 29. Кораблестроителей ул., Park Inn",102.0
16. ст. метро «Петроградская» (Площадь Льва Толстого) ," 19. ст. метро «Крестовский остров» (Морской просп., 45)",101.0
"13. Лиговский просп., 16 (Московский Вокзал) "," 09. Невский просп., 35",100.0
23. ст. метро «Василеостровская» , 27. ст. метро «Чкаловская»,98.0
"13. Лиговский просп., 16 (Московский Вокзал) ", 05. ст. метро «Лиговский проспект»,97.0
23. ст. метро «Василеостровская» ," 01. Вознесенский просп., 1",95.0
"07. Марсово поле, 3 "," 01. Вознесенский просп., 1",93.0
"28. Чернышевского просп, 20 "," 07. Марсово поле, 3",91.0
27. ст. метро «Чкаловская» , 24. ст. метро «Горьковская»,87.0
05. ст. метро «Лиговский проспект» ," 13. Лиговский просп., 16 (Московский Вокзал)",87.0
"07. Марсово поле, 3 "," 09. Невский просп., 35",87.0
"19. ст. метро «Крестовский остров» (Морской просп., 45) ", 16. ст. метро «Петроградская» (Площадь Льва Толстого),87.0
"01. Вознесенский просп., 1 "," 06. Малая Морская ул., 4/1 лит.А",86.0
26. ст. метро «Спортивная» , 16. ст. метро «Петроградская» (Площадь Льва Толстого),86.0
"08. Невский просп., 177 "," 08. Невский просп., 177",84.0
16. ст. метро «Петроградская» (Площадь Льва Толстого) , 23. ст. метро «Василеостровская»,84.0
23. ст. метро «Василеостровская» , 24. ст. метро «Горьковская»,83.0
"04. Загородный просп., 74 "," 20. Сенная площадь, 5",83.0
24. ст. метро «Горьковская» ," 15. ул. Комсомола, 35 (Площадь Ленина)",82.0
"28. Чернышевского просп, 20 "," 15. ул. Комсомола, 35 (Площадь Ленина)",82.0
12. Площадь Балтийского вокзала ," 04. Загородный просп., 74",80.0
"09. Невский просп., 35 "," 07. Марсово поле, 3",79.0
"09. Невский просп., 35 ", 10. Площадь Восстания,79.0
26. ст. метро «Спортивная» ," 19. ст. метро «Крестовский остров» (Морской просп., 45)",78.0
"01. Вознесенский просп., 1 "," 09. Невский просп., 35",78.0
"02. Лиговский просп., 153 (ТЦ ""Лиговъ"") ", 12. Площадь Балтийского вокзала,78.0
"09. Невский просп., 35 "," 20. Сенная площадь, 5",77.0
"07. Марсово поле, 3 "," 14. Площадь Искусств, 3",77.0
"01. Вознесенский просп., 1 "," 07. Марсово поле, 3",77.0
"02. Лиговский просп., 153 (ТЦ ""Лиговъ"") ", 05. ст. метро «Лиговский проспект»,77.0
24. ст. метро «Горьковская» ," 09. Невский просп., 35",77.0
26. ст. метро «Спортивная» , 27. ст. метро «Чкаловская»,77.0
"09. Невский просп., 35 "," 01. Вознесенский просп., 1",76.0
"17. Площадь Островского, Автостоянка №14 1 "," 17. Площадь Островского, Автостоянка №14 1",76.0
"07. Марсово поле, 3 "," 06. Малая Морская ул., 4/1 лит.А",74.0
"06. Малая Морская ул., 4/1 лит.А "," 07. Марсово поле, 3",73.0
"07. Марсово поле, 3 "," 28. Чернышевского просп, 20",73.0
"03. Греческая площадь, Автостоянка №12 "," 28. Чернышевского просп, 20",71.0
"22. Первая Советская ул., 7/124 "," 22. Первая Советская ул., 7/124",69.0
05. ст. метро «Лиговский проспект» ," 02. Лиговский просп., 153 (ТЦ ""Лиговъ"")",69.0
"15. ул. Комсомола, 35 (Площадь Ленина) "," 28. Чернышевского просп, 20",69.0
10. Площадь Восстания ," 28. Чернышевского просп, 20",67.0
"09. Невский просп., 35 ", 24. ст. метро «Горьковская»,67.0
"28. Чернышевского просп, 20 "," 03. Греческая площадь, Автостоянка №12",67.0
"02. Лиговский просп., 153 (ТЦ ""Лиговъ"") "," 13. Лиговский просп., 16 (Московский Вокзал)",66.0
"19. ст. метро «Крестовский остров» (Морской просп., 45) ", 26. ст. метро «Спортивная»,65.0
12. Площадь Балтийского вокзала ," 02. Лиговский просп., 153 (ТЦ ""Лиговъ"")",65.0
"04. Загородный просп., 74 ", 12. Площадь Балтийского вокзала,65.0
24. ст. метро «Горьковская» , 23. ст. метро «Василеостровская»,64.0
"13. Лиговский просп., 16 (Московский Вокзал) "," 28. Чернышевского просп, 20",63.0
"18. Площадь Труда, 6 "," 18. Площадь Труда, 6",63.0
"06. Малая Морская ул., 4/1 лит.А "," 13. Лиговский просп., 16 (Московский Вокзал)",62.0
"20. Сенная площадь, 5 "," 09. Невский просп., 35",61.0
16. ст. метро «Петроградская» (Площадь Льва Толстого) , 26. ст. метро «Спортивная»,61.0
"15. ул. Комсомола, 35 (Площадь Ленина) ", 16. ст. метро «Петроградская» (Площадь Льва Толстого),61.0
"13. Лиговский просп., 16 (Московский Вокзал) "," 06. Малая Морская ул., 4/1 лит.А",61.0
27. ст. метро «Чкаловская» , 26. ст. метро «Спортивная»,59.0
23. ст. метро «Василеостровская» ," 09. Невский просп., 35",59.0
"07. Марсово поле, 3 ", 16. ст. метро «Петроградская» (Площадь Льва Толстого),58.0
"20. Сенная площадь, 5 "," 01. Вознесенский просп., 1",58.0
23. ст. метро «Василеостровская» , 16. ст. метро «Петроградская» (Площадь Льва Толстого),58.0
"28. Чернышевского просп, 20 "," 06. Малая Морская ул., 4/1 лит.А",58.0
"08. Невский просп., 177 ", 10. Площадь Восстания,57.0
10. Площадь Восстания ," 09. Невский просп., 35",56.0
"06. Малая Морская ул., 4/1 лит.А ", 24. ст. метро «Горьковская»,56.0
"18. Площадь Труда, 6 ", 23. ст. метро «Василеостровская»,56.0
"14. Площадь Искусств, 3 "," 07. Марсово поле, 3",56.0
24. ст. метро «Горьковская» ," 28. Чернышевского просп, 20",55.0
"20. Сенная площадь, 5 "," 04. Загородный просп., 74",55.0
"09. Невский просп., 35 ", 23. ст. метро «Василеостровская»,55.0
16. ст. метро «Петроградская» (Площадь Льва Толстого) ," 15. ул. Комсомола, 35 (Площадь Ленина)",54.0
"14. Площадь Искусств, 3 ", 24. ст. метро «Горьковская»,54.0
24. ст. метро «Горьковская» ," 06. Малая Морская ул., 4/1 лит.А",54.0
26. ст. метро «Спортивная» ," 06. Малая Морская ул., 4/1 лит.А",54.0
"28. Чернышевского просп, 20 ", 24. ст. метро «Горьковская»,53.0
"09. Невский просп., 35 "," 28. Чернышевского просп, 20",53.0
"28. Чернышевского просп, 20 ", 16. ст. метро «Петроградская» (Площадь Льва Толстого),52.0
"28. Чернышевского просп, 20 ", 10. Площадь Восстания,51.0
"11. Новочеркасский просп., 41/14 "," 08. Невский просп., 177",50.0
"08. Невский просп., 177 "," 11. Новочеркасский просп., 41/14",49.0
"21. Синопская наб. (просп. Бакунина, 35) "," 21. Синопская наб. (просп. Бакунина, 35)",49.0
"06. Малая Морская ул., 4/1 лит.А "," 20. Сенная площадь, 5",48.0
"06. Малая Морская ул., 4/1 лит.А ", 26. ст. метро «Спортивная»,47.0
"13. Лиговский просп., 16 (Московский Вокзал) "," 02. Лиговский просп., 153 (ТЦ ""Лиговъ"")",47.0
24. ст. метро «Горьковская» ," 14. Площадь Искусств, 3",46.0
05. ст. метро «Лиговский проспект» ," 04. Загородный просп., 74",46.0
"01. Вознесенский просп., 1 ", 26. ст. метро «Спортивная»,45.0
"01. Вознесенский просп., 1 "," 18. Площадь Труда, 6",45.0
"28. Чернышевского просп, 20 "," 09. Невский просп., 35",45.0
25. ст. метро «Приморская» , 26. ст. метро «Спортивная»,45.0
16. ст. метро «Петроградская» (Площадь Льва Толстого) ," 28. Чернышевского просп, 20",44.0
"04. Загородный просп., 74 "," 09. Невский просп., 35",44.0
"06. Малая Морская ул., 4/1 лит.А ", 16. ст. метро «Петроградская» (Площадь Льва Толстого),43.0
10. Площадь Восстания ," 06. Малая Морская ул., 4/1 лит.А",43.0
16. ст. метро «Петроградская» (Площадь Льва Толстого) ," 07. Марсово поле, 3",43.0
"18. Площадь Труда, 6 "," 09. Невский просп., 35",43.0
"13. Лиговский просп., 16 (Московский Вокзал) "," 03. Греческая площадь, Автостоянка №12",42.0
12. Площадь Балтийского вокзала ," 01. Вознесенский просп., 1",42.0
"14. Площадь Искусств, 3 "," 06. Малая Морская ул., 4/1 лит.А",42.0
05. ст. метро «Лиговский проспект» ," 09. Невский просп., 35",42.0
"28. Чернышевского просп, 20 "," 13. Лиговский просп., 16 (Московский Вокзал)",42.0
"28. Чернышевского просп, 20 "," 14. Площадь Искусств, 3",42.0
"20. Сенная площадь, 5 "," 06. Малая Морская ул., 4/1 лит.А",41.0
"03. Греческая площадь, Автостоянка №12 "," 07. Марсово поле, 3",40.0
"19. ст. метро «Крестовский остров» (Морской просп., 45) ", 24. ст. метро «Горьковская»,40.0
"13. Лиговский просп., 16 (Московский Вокзал) "," 08. Невский просп., 177",40.0
"04. Загородный просп., 74 "," 02. Лиговский просп., 153 (ТЦ ""Лиговъ"")",39.0
"09. Невский просп., 35 "," 04. Загородный просп., 74",39.0
"08. Невский просп., 177 "," 02. Лиговский просп., 153 (ТЦ ""Лиговъ"")",39.0
"07. Марсово поле, 3 "," 03. Греческая площадь, Автостоянка №12",39.0
23. ст. метро «Василеостровская» , 12. Площадь Балтийского вокзала,39.0
"28. Чернышевского просп, 20 "," 01. Вознесенский просп., 1",39.0
23. ст. метро «Василеостровская» ," 20. Сенная площадь, 5",38.0
26. ст. метро «Спортивная» ," 15. ул. Комсомола, 35 (Площадь Ленина)",38.0
26. ст. метро «Спортивная» ," 01. Вознесенский просп., 1",38.0
10. Площадь Восстания ," 08. Невский просп., 177",38.0
"09. Невский просп., 35 ", 05. ст. метро «Лиговский проспект»,38.0
"01. Вознесенский просп., 1 "," 13. Лиговский просп., 16 (Московский Вокзал)",38.0
"01. Вознесенский просп., 1 ", 24. ст. метро «Горьковская»,38.0
"01. Вознесенский просп., 1 "," 20. Сенная площадь, 5",38.0
"03. Греческая площадь, Автостоянка №12 "," 08. Невский просп., 177",38.0
"21. Синопская наб. (просп. Бакунина, 35) "," 28. Чернышевского просп, 20",38.0
"01. Вознесенский просп., 1 "," 14. Площадь Искусств, 3",37.0
"04. Загородный просп., 74 "," 06. Малая Морская ул., 4/1 лит.А",37.0
"09. Невский просп., 35 "," 03. Греческая площадь, Автостоянка №12",37.0
10. Площадь Восстания ," 14. Площадь Искусств, 3",37.0
"08. Невский просп., 177 "," 13. Лиговский просп., 16 (Московский Вокзал)",37.0
24. ст. метро «Горьковская» ," 01. Вознесенский просп., 1",37.0
24. ст. метро «Горьковская» ," 19. ст. метро «Крестовский остров» (Морской просп., 45)",37.0
27. ст. метро «Чкаловская» ," 06. Малая Морская ул., 4/1 лит.А",36.0
23. ст. метро «Василеостровская» ," 18. Площадь Труда, 6",36.0
23. ст. метро «Василеостровская» ," 19. ст. метро «Крестовский остров» (Морской просп., 45)",36.0
"01. Вознесенский просп., 1 ", 12. Площадь Балтийского вокзала,36.0
"20. Сенная площадь, 5 ", 23. ст. метро «Василеостровская»,36.0
"02. Лиговский просп., 153 (ТЦ ""Лиговъ"") "," 08. Невский просп., 177",35.0
"28. Чернышевского просп, 20 "," 08. Невский просп., 177",35.0
"02. Лиговский просп., 153 (ТЦ ""Лиговъ"") "," 04. Загородный просп., 74",34.0
"19. ст. метро «Крестовский остров» (Морской просп., 45) ", 23. ст. метро «Василеостровская»,34.0
"22. Первая Советская ул., 7/124 "," 09. Невский просп., 35",33.0
"14. Площадь Искусств, 3 "," 28. Чернышевского просп, 20",33.0
"08. Невский просп., 177 "," 28. Чернышевского просп, 20",33.0
"04. Загородный просп., 74 ", 05. ст. метро «Лиговский проспект»,33.0
"06. Малая Морская ул., 4/1 лит.А "," 04. Загородный просп., 74",33.0
"06. Малая Морская ул., 4/1 лит.А "," 18. Площадь Труда, 6",32.0
"19. ст. метро «Крестовский остров» (Морской просп., 45) "," 06. Малая Морская ул., 4/1 лит.А",32.0
"18. Площадь Труда, 6 "," 06. Малая Морская ул., 4/1 лит.А",32.0
"20. Сенная площадь, 5 "," 14. Площадь Искусств, 3",31.0
"14. Площадь Искусств, 3 ", 23. ст. метро «Василеостровская»,31.0
"15. ул. Комсомола, 35 (Площадь Ленина) ", 26. ст. метро «Спортивная»,31.0
"11. Новочеркасский просп., 41/14 "," 22. Первая Советская ул., 7/124",31.0
12. Площадь Балтийского вокзала , 23. ст. метро «Василеостровская»,31.0
"07. Марсово поле, 3 "," 15. ул. Комсомола, 35 (Площадь Ленина)",31.0
"08. Невский просп., 177 "," 22. Первая Советская ул., 7/124",31.0
"09. Невский просп., 35 "," 02. Лиговский просп., 153 (ТЦ ""Лиговъ"")",31.0
"06. Малая Морская ул., 4/1 лит.А "," 02. Лиговский просп., 153 (ТЦ ""Лиговъ"")",31.0
"04. Загородный просп., 74 "," 01. Вознесенский просп., 1",31.0
26. ст. метро «Спортивная» , 25. ст. метро «Приморская»,31.0
"22. Первая Советская ул., 7/124 "," 28. Чернышевского просп, 20",30.0
05. ст. метро «Лиговский проспект» ," 06. Малая Морская ул., 4/1 лит.А",30.0
"07. Марсово поле, 3 ", 10. Площадь Восстания,30.0
"20. Сенная площадь, 5 ", 05. ст. метро «Лиговский проспект»,30.0
"20. Сенная площадь, 5 "," 18. Площадь Труда, 6",30.0
"11. Новочеркасский просп., 41/14 "," 15. ул. Комсомола, 35 (Площадь Ленина)",29.0
"14. Площадь Искусств, 3 "," 09. Невский просп., 35",29.0
05. ст. метро «Лиговский проспект» ," 20. Сенная площадь, 5",29.0
"03. Греческая площадь, Автостоянка №12 ", 10. Площадь Восстания,29.0
"03. Греческая площадь, Автостоянка №12 "," 13. Лиговский просп., 16 (Московский Вокзал)",29.0
24. ст. метро «Горьковская» ," 02. Лиговский просп., 153 (ТЦ ""Лиговъ"")",29.0
"29. Кораблестроителей ул., Park Inn ", 26. ст. метро «Спортивная»,29.0
"07. Марсово поле, 3 ", 23. ст. метро «Василеостровская»,28.0
"20. Сенная площадь, 5 "," 17. Площадь Островского, Автостоянка №14 1",28.0
"20. Сенная площадь, 5 "," 07. Марсово поле, 3",28.0
"20. Сенная площадь, 5 "," 13. Лиговский просп., 16 (Московский Вокзал)",27.0
"13. Лиговский просп., 16 (Московский Вокзал) "," 14. Площадь Искусств, 3",27.0
"06. Малая Морская ул., 4/1 лит.А "," 14. Площадь Искусств, 3",27.0
"06. Малая Морская ул., 4/1 лит.А ", 05. ст. метро «Лиговский проспект»,27.0
"13. Лиговский просп., 16 (Московский Вокзал) ", 10. Площадь Восстания,26.0
"22. Первая Советская ул., 7/124 "," 03. Греческая площадь, Автостоянка №12",26.0
"15. ул. Комсомола, 35 (Площадь Ленина) "," 11. Новочеркасский просп., 41/14",25.0
"15. ул. Комсомола, 35 (Площадь Ленина) "," 07. Марсово поле, 3",25.0
"13. Лиговский просп., 16 (Московский Вокзал) "," 11. Новочеркасский просп., 41/14",25.0
12. Площадь Балтийского вокзала ," 20. Сенная площадь, 5",25.0
"03. Греческая площадь, Автостоянка №12 "," 09. Невский просп., 35",25.0
"09. Невский просп., 35 "," 08. Невский просп., 177",25.0
"06. Малая Морская ул., 4/1 лит.А ", 10. Площадь Восстания,24.0
"09. Невский просп., 35 ", 16. ст. метро «Петроградская» (Площадь Льва Толстого),24.0
"09. Невский просп., 35 "," 14. Площадь Искусств, 3",24.0
10. Площадь Восстания ," 11. Новочеркасский просп., 41/14",24.0
10. Площадь Восстания , 24. ст. метро «Горьковская»,24.0
"01. Вознесенский просп., 1 "," 03. Греческая площадь, Автостоянка №12",24.0
"01. Вознесенский просп., 1 "," 28. Чернышевского просп, 20",24.0
"21. Синопская наб. (просп. Бакунина, 35) ", 10. Площадь Восстания,24.0
"18. Площадь Труда, 6 "," 20. Сенная площадь, 5",24.0
"17. Площадь Островского, Автостоянка №14 1 "," 20. Сенная площадь, 5",24.0
"13. Лиговский просп., 16 (Московский Вокзал) "," 07. Марсово поле, 3",24.0
16. ст. метро «Петроградская» (Площадь Льва Толстого) ," 09. Невский просп., 35",24.0
"19. ст. метро «Крестовский остров» (Морской просп., 45) "," 09. Невский просп., 35",23.0
"22. Первая Советская ул., 7/124 "," 06. Малая Морская ул., 4/1 лит.А",23.0
"20. Сенная площадь, 5 ", 12. Площадь Балтийского вокзала,23.0
"09. Невский просп., 35 "," 18. Площадь Труда, 6",23.0
"06. Малая Морская ул., 4/1 лит.А "," 28. Чернышевского просп, 20",23.0
25. ст. метро «Приморская» ," 19. ст. метро «Крестовский остров» (Морской просп., 45)",22.0
23. ст. метро «Василеостровская» ," 07. Марсово поле, 3",22.0
"03. Греческая площадь, Автостоянка №12 "," 02. Лиговский просп., 153 (ТЦ ""Лиговъ"")",22.0
"06. Малая Морская ул., 4/1 лит.А "," 17. Площадь Островского, Автостоянка №14 1",22.0
"08. Невский просп., 177 "," 21. Синопская наб. (просп. Бакунина, 35)",22.0
"08. Невский просп., 177 "," 03. Греческая площадь, Автостоянка №12",22.0
10. Площадь Восстания ," 03. Греческая площадь, Автостоянка №12",22.0
"09. Невский просп., 35 "," 17. Площадь Островского, Автостоянка №14 1",22.0
"14. Площадь Искусств, 3 "," 03. Греческая площадь, Автостоянка №12",22.0
"14. Площадь Искусств, 3 "," 01. Вознесенский просп., 1",22.0
"13. Лиговский просп., 16 (Московский Вокзал) ", 12. Площадь Балтийского вокзала,22.0
10. Площадь Восстания ," 07. Марсово поле, 3",21.0
"07. Марсово поле, 3 "," 22. Первая Советская ул., 7/124",21.0
"07. Марсово поле, 3 "," 13. Лиговский просп., 16 (Московский Вокзал)",21.0
"01. Вознесенский просп., 1 "," 04. Загородный просп., 74",21.0
"01. Вознесенский просп., 1 ", 16. ст. метро «Петроградская» (Площадь Льва Толстого),21.0
"03. Греческая площадь, Автостоянка №12 "," 04. Загородный просп., 74",21.0
26. ст. метро «Спортивная» ," 09. Невский просп., 35",21.0
24. ст. метро «Горьковская» ," 20. Сенная площадь, 5",21.0
23. ст. метро «Василеостровская» ," 14. Площадь Искусств, 3",20.0
26. ст. метро «Спортивная» ," 20. Сенная площадь, 5",20.0
"28. Чернышевского просп, 20 "," 21. Синопская наб. (просп. Бакунина, 35)",20.0
"17. Площадь Островского, Автостоянка №14 1 "," 04. Загородный просп., 74",20.0
"17. Площадь Островского, Автостоянка №14 1 "," 13. Лиговский просп., 16 (Московский Вокзал)",20.0
"07. Марсово поле, 3 "," 20. Сенная площадь, 5",20.0
10. Площадь Восстания , 05. ст. метро «Лиговский проспект»,20.0
"06. Малая Морская ул., 4/1 лит.А ", 25. ст. метро «Приморская»,19.0
"01. Вознесенский просп., 1 ", 27. ст. метро «Чкаловская»,19.0
05. ст. метро «Лиговский проспект» ," 28. Чернышевского просп, 20",19.0
05. ст. метро «Лиговский проспект» ," 08. Невский просп., 177",19.0
"04. Загородный просп., 74 "," 28. Чернышевского просп, 20",19.0
"17. Площадь Островского, Автостоянка №14 1 "," 14. Площадь Искусств, 3",19.0
"17. Площадь Островского, Автостоянка №14 1 "," 06. Малая Морская ул., 4/1 лит.А",19.0
"18. Площадь Труда, 6 "," 01. Вознесенский просп., 1",19.0
"11. Новочеркасский просп., 41/14 ", 10. Площадь Восстания,19.0
"13. Лиговский просп., 16 (Московский Вокзал) "," 20. Сенная площадь, 5",19.0
"14. Площадь Искусств, 3 ", 16. ст. метро «Петроградская» (Площадь Льва Толстого),19.0
"14. Площадь Искусств, 3 "," 04. Загородный просп., 74",19.0
"14. Площадь Искусств, 3 "," 13. Лиговский просп., 16 (Московский Вокзал)",19.0
"15. ул. Комсомола, 35 (Площадь Ленина) "," 09. Невский просп., 35",19.0
16. ст. метро «Петроградская» (Площадь Льва Толстого) ," 14. Площадь Искусств, 3",19.0
26. ст. метро «Спортивная» ," 07. Марсово поле, 3",19.0
23. ст. метро «Василеостровская» ," 13. Лиговский просп., 16 (Московский Вокзал)",19.0
"14. Площадь Искусств, 3 "," 20. Сенная площадь, 5",18.0
"14. Площадь Искусств, 3 "," 15. ул. Комсомола, 35 (Площадь Ленина)",18.0
12. Площадь Балтийского вокзала ," 06. Малая Морская ул., 4/1 лит.А",18.0
"11. Новочеркасский просп., 41/14 "," 13. Лиговский просп., 16 (Московский Вокзал)",18.0
"17. Площадь Островского, Автостоянка №14 1 ", 24. ст. метро «Горьковская»,18.0
"21. Синопская наб. (просп. Бакунина, 35) "," 08. Невский просп., 177",18.0
"03. Греческая площадь, Автостоянка №12 "," 22. Первая Советская ул., 7/124",18.0
"04. Загородный просп., 74 "," 13. Лиговский просп., 16 (Московский Вокзал)",18.0
"06. Малая Морская ул., 4/1 лит.А "," 03. Греческая площадь, Автостоянка №12",18.0
"02. Лиговский просп., 153 (ТЦ ""Лиговъ"") "," 20. Сенная площадь, 5",18.0
"02. Лиговский просп., 153 (ТЦ ""Лиговъ"") ", 10. Площадь Восстания,18.0
"07. Марсово поле, 3 "," 17. Площадь Островского, Автостоянка №14 1",18.0
"06. Малая Морская ул., 4/1 лит.А ", 27. ст. метро «Чкаловская»,18.0
"09. Невский просп., 35 ", 12. Площадь Балтийского вокзала,17.0
10. Площадь Восстания ," 17. Площадь Островского, Автостоянка №14 1",17.0
"09. Невский просп., 35 ", 27. ст. метро «Чкаловская»,17.0
"06. Малая Морская ул., 4/1 лит.А "," 11. Новочеркасский просп., 41/14",17.0
"07. Марсово поле, 3 ", 26. ст. метро «Спортивная»,17.0
"04. Загородный просп., 74 "," 03. Греческая площадь, Автостоянка №12",17.0
"17. Площадь Островского, Автостоянка №14 1 "," 03. Греческая площадь, Автостоянка №12",17.0
"18. Площадь Труда, 6 "," 07. Марсово поле, 3",17.0
"19. ст. метро «Крестовский остров» (Морской просп., 45) "," 01. Вознесенский просп., 1",17.0
"14. Площадь Искусств, 3 "," 22. Первая Советская ул., 7/124",17.0
"14. Площадь Искусств, 3 ", 10. Площадь Восстания,17.0
"15. ул. Комсомола, 35 (Площадь Ленина) ", 23. ст. метро «Василеостровская»,17.0
16. ст. метро «Петроградская» (Площадь Льва Толстого) ," 06. Малая Морская ул., 4/1 лит.А",17.0
24. ст. метро «Горьковская» ," 29. Кораблестроителей ул., Park Inn",17.0
23. ст. метро «Василеостровская» ," 04. Загородный просп., 74",16.0
23. ст. метро «Василеостровская» ," 15. ул. Комсомола, 35 (Площадь Ленина)",16.0
"29. Кораблестроителей ул., Park Inn ", 16. ст. метро «Петроградская» (Площадь Льва Толстого),16.0
"15. ул. Комсомола, 35 (Площадь Ленина) "," 06. Малая Морская ул., 4/1 лит.А",16.0
"13. Лиговский просп., 16 (Московский Вокзал) ", 24. ст. метро «Горьковская»,16.0
"17. Площадь Островского, Автостоянка №14 1 "," 07. Марсово поле, 3",16.0
"20. Сенная площадь, 5 ", 24. ст. метро «Горьковская»,16.0
"04. Загородный просп., 74 ", 23. ст. метро «Василеостровская»,16.0
"04. Загородный просп., 74 ", 24. ст. метро «Горьковская»,16.0
"06. Малая Морская ул., 4/1 лит.А "," 19. ст. метро «Крестовский остров» (Морской просп., 45)",16.0
10. Площадь Восстания ," 02. Лиговский просп., 153 (ТЦ ""Лиговъ"")",16.0
10. Площадь Восстания ," 20. Сенная площадь, 5",16.0
"09. Невский просп., 35 "," 22. Первая Советская ул., 7/124",16.0
"09. Невский просп., 35 "," 11. Новочеркасский просп., 41/14",16.0
"09. Невский просп., 35 "," 15. ул. Комсомола, 35 (Площадь Ленина)",16.0
"02. Лиговский просп., 153 (ТЦ ""Лиговъ"") ", 24. ст. метро «Горьковская»,15.0
"03. Греческая площадь, Автостоянка №12 "," 20. Сенная площадь, 5",15.0
"03. Греческая площадь, Автостоянка №12 "," 14. Площадь Искусств, 3",15.0
"17. Площадь Островского, Автостоянка №14 1 "," 09. Невский просп., 35",15.0
12. Площадь Балтийского вокзала ," 13. Лиговский просп., 16 (Московский Вокзал)",15.0
"13. Лиговский просп., 16 (Московский Вокзал) "," 21. Синопская наб. (просп. Бакунина, 35)",15.0
"14. Площадь Искусств, 3 "," 17. Площадь Островского, Автостоянка №14 1",15.0
24. ст. метро «Горьковская» ," 11. Новочеркасский просп., 41/14",15.0
25. ст. метро «Приморская» ," 06. Малая Морская ул., 4/1 лит.А",15.0
"28. Чернышевского просп, 20 "," 04. Загородный просп., 74",14.0
"28. Чернышевского просп, 20 "," 18. Площадь Труда, 6",14.0
25. ст. метро «Приморская» ," 01. Вознесенский просп., 1",14.0
24. ст. метро «Горьковская» ," 04. Загородный просп., 74",14.0
23. ст. метро «Василеостровская» ," 28. Чернышевского просп, 20",14.0
24. ст. метро «Горьковская» ," 13. Лиговский просп., 16 (Московский Вокзал)",14.0
"20. Сенная площадь, 5 ", 10. Площадь Восстания,14.0
"18. Площадь Труда, 6 "," 04. Загородный просп., 74",14.0
16. ст. метро «Петроградская» (Площадь Льва Толстого) ," 29. Кораблестроителей ул., Park Inn",14.0
"17. Площадь Островского, Автостоянка №14 1 "," 01. Вознесенский просп., 1",14.0
10. Площадь Восстания ," 15. ул. Комсомола, 35 (Площадь Ленина)",14.0
10. Площадь Восстания ," 04. Загородный просп., 74",14.0
"07. Марсово поле, 3 "," 04. Загородный просп., 74",14.0
"04. Загородный просп., 74 "," 18. Площадь Труда, 6",14.0
"03. Греческая площадь, Автостоянка №12 "," 21. Синопская наб. (просп. Бакунина, 35)",14.0
"02. Лиговский просп., 153 (ТЦ ""Лиговъ"") "," 09. Невский просп., 35",14.0
"01. Вознесенский просп., 1 ", 05. ст. метро «Лиговский проспект»,14.0
"02. Лиговский просп., 153 (ТЦ ""Лиговъ"") "," 28. Чернышевского просп, 20",13.0
05. ст. метро «Лиговский проспект» , 10. Площадь Восстания,13.0
"04. Загородный просп., 74 ", 10. Площадь Восстания,13.0
"06. Малая Морская ул., 4/1 лит.А "," 15. ул. Комсомола, 35 (Площадь Ленина)",13.0
"06. Малая Морская ул., 4/1 лит.А "," 22. Первая Советская ул., 7/124",13.0
"07. Марсово поле, 3 "," 18. Площадь Труда, 6",13.0
10. Площадь Восстания ," 01. Вознесенский просп., 1",13.0
10. Площадь Восстания ," 13. Лиговский просп., 16 (Московский Вокзал)",13.0
"09. Невский просп., 35 "," 21. Синопская наб. (просп. Бакунина, 35)",13.0
"14. Площадь Искусств, 3 "," 19. ст. метро «Крестовский остров» (Морской просп., 45)",13.0
"11. Новочеркасский просп., 41/14 "," 28. Чернышевского просп, 20",13.0
10. Площадь Восстания ," 21. Синопская наб. (просп. Бакунина, 35)",13.0
12. Площадь Балтийского вокзала , 05. ст. метро «Лиговский проспект»,13.0
12. Площадь Балтийского вокзала ," 18. Площадь Труда, 6",13.0
"18. Площадь Труда, 6 ", 12. Площадь Балтийского вокзала,13.0
"22. Первая Советская ул., 7/124 "," 07. Марсово поле, 3",13.0
"22. Первая Советская ул., 7/124 "," 08. Невский просп., 177",13.0
27. ст. метро «Чкаловская» ," 09. Невский просп., 35",13.0
"28. Чернышевского просп, 20 "," 20. Сенная площадь, 5",13.0
"28. Чернышевского просп, 20 ", 05. ст. метро «Лиговский проспект»,13.0
"22. Первая Советская ул., 7/124 "," 11. Новочеркасский просп., 41/14",12.0
23. ст. метро «Василеостровская» , 05. ст. метро «Лиговский проспект»,12.0
25. ст. метро «Приморская» ," 18. Площадь Труда, 6",12.0
"19. ст. метро «Крестовский остров» (Морской просп., 45) ", 25. ст. метро «Приморская»,12.0
"17. Площадь Островского, Автостоянка №14 1 ", 10. Площадь Восстания,12.0
"11. Новочеркасский просп., 41/14 ", 24. ст. метро «Горьковская»,12.0
"13. Лиговский просп., 16 (Московский Вокзал) "," 04. Загородный просп., 74",12.0
"13. Лиговский просп., 16 (Московский Вокзал) "," 15. ул. Комсомола, 35 (Площадь Ленина)",12.0
"13. Лиговский просп., 16 (Московский Вокзал) "," 17. Площадь Островского, Автостоянка №14 1",12.0
16. ст. метро «Петроградская» (Площадь Льва Толстого) ," 11. Новочеркасский просп., 41/14",12.0
"15. ул. Комсомола, 35 (Площадь Ленина) "," 03. Греческая площадь, Автостоянка №12",12.0
10. Площадь Восстания , 23. ст. метро «Василеостровская»,12.0
"06. Малая Морская ул., 4/1 лит.А "," 08. Невский просп., 177",12.0
"06. Малая Морская ул., 4/1 лит.А ", 12. Площадь Балтийского вокзала,12.0
"03. Греческая площадь, Автостоянка №12 ", 24. ст. метро «Горьковская»,12.0
05. ст. метро «Лиговский проспект» ," 01. Вознесенский просп., 1",12.0
"02. Лиговский просп., 153 (ТЦ ""Лиговъ"") "," 11. Новочеркасский просп., 41/14",12.0
"03. Греческая площадь, Автостоянка №12 "," 06. Малая Морская ул., 4/1 лит.А",12.0
"03. Греческая площадь, Автостоянка №12 "," 17. Площадь Островского, Автостоянка №14 1",12.0
"01. Вознесенский просп., 1 "," 17. Площадь Островского, Автостоянка №14 1",12.0
"02. Лиговский просп., 153 (ТЦ ""Лиговъ"") "," 01. Вознесенский просп., 1",12.0
"01. Вознесенский просп., 1 ", 10. Площадь Восстания,11.0
"03. Греческая площадь, Автостоянка №12 ", 05. ст. метро «Лиговский проспект»,11.0
"02. Лиговский просп., 153 (ТЦ ""Лиговъ"") "," 17. Площадь Островского, Автостоянка №14 1",11.0
05. ст. метро «Лиговский проспект» ," 17. Площадь Островского, Автостоянка №14 1",11.0
"04. Загородный просп., 74 "," 17. Площадь Островского, Автостоянка №14 1",11.0
"03. Греческая площадь, Автостоянка №12 "," 15. ул. Комсомола, 35 (Площадь Ленина)",11.0
"09. Невский просп., 35 ", 25. ст. метро «Приморская»,11.0
12. Площадь Балтийского вокзала ," 07. Марсово поле, 3",11.0
"17. Площадь Островского, Автостоянка №14 1 "," 28. Чернышевского просп, 20",11.0
"21. Синопская наб. (просп. Бакунина, 35) "," 03. Греческая площадь, Автостоянка №12",11.0
"28. Чернышевского просп, 20 "," 02. Лиговский просп., 153 (ТЦ ""Лиговъ"")",11.0
"28. Чернышевского просп, 20 "," 11. Новочеркасский просп., 41/14",11.0
"28. Чернышевского просп, 20 "," 22. Первая Советская ул., 7/124",11.0
"28. Чернышевского просп, 20 ", 27. ст. метро «Чкаловская»,10.0
27. ст. метро «Чкаловская» ," 28. Чернышевского просп, 20",10.0
27. ст. метро «Чкаловская» ," 07. Марсово поле, 3",10.0
24. ст. метро «Горьковская» , 10. Площадь Восстания,10.0
24. ст. метро «Горьковская» ," 03. Греческая площадь, Автостоянка №12",10.0
"22. Первая Советская ул., 7/124 "," 14. Площадь Искусств, 3",10.0
"22. Первая Советская ул., 7/124 ", 10. Площадь Восстания,10.0
"20. Сенная площадь, 5 "," 28. Чернышевского просп, 20",10.0
"20. Сенная площадь, 5 "," 03. Греческая площадь, Автостоянка №12",10.0
"17. Площадь Островского, Автостоянка №14 1 ", 05. ст. метро «Лиговский проспект»,10.0
"15. ул. Комсомола, 35 (Площадь Ленина) ", 05. ст. метро «Лиговский проспект»,10.0
"15. ул. Комсомола, 35 (Площадь Ленина) "," 14. Площадь Искусств, 3",10.0
"15. ул. Комсомола, 35 (Площадь Ленина) ", 27. ст. метро «Чкаловская»,10.0
"13. Лиговский просп., 16 (Московский Вокзал) ", 23. ст. метро «Василеостровская»,10.0
"13. Лиговский просп., 16 (Московский Вокзал) "," 01. Вознесенский просп., 1",10.0
10. Площадь Восстания ," 22. Первая Советская ул., 7/124",10.0
"09. Невский просп., 35 ", 26. ст. метро «Спортивная»,10.0
"09. Невский просп., 35 "," 19. ст. метро «Крестовский остров» (Морской просп., 45)",10.0
"08. Невский просп., 177 "," 15. ул. Комсомола, 35 (Площадь Ленина)",10.0
"02. Лиговский просп., 153 (ТЦ ""Лиговъ"") "," 03. Греческая площадь, Автостоянка №12",10.0
"04. Загородный просп., 74 "," 14. Площадь Искусств, 3",9.0
"04. Загородный просп., 74 "," 08. Невский просп., 177",9.0
05. ст. метро «Лиговский проспект» ," 14. Площадь Искусств, 3",9.0
"03. Греческая площадь, Автостоянка №12 "," 11. Новочеркасский просп., 41/14",9.0
"03. Греческая площадь, Автостоянка №12 "," 01. Вознесенский просп., 1",9.0
"02. Лиговский просп., 153 (ТЦ ""Лиговъ"") "," 06. Малая Морская ул., 4/1 лит.А",9.0
"01. Вознесенский просп., 1 "," 29. Кораблестроителей ул., Park Inn",9.0
"08. Невский просп., 177 "," 09. Невский просп., 35",9.0
"07. Марсово поле, 3 ", 27. ст. метро «Чкаловская»,9.0
10. Площадь Восстания , 27. ст. метро «Чкаловская»,9.0
"13. Лиговский просп., 16 (Московский Вокзал) ", 16. ст. метро «Петроградская» (Площадь Льва Толстого),9.0
"11. Новочеркасский просп., 41/14 ", 16. ст. метро «Петроградская» (Площадь Льва Толстого),9.0
12. Площадь Балтийского вокзала ," 09. Невский просп., 35",9.0
"15. ул. Комсомола, 35 (Площадь Ленина) "," 19. ст. метро «Крестовский остров» (Морской просп., 45)",9.0
"14. Площадь Искусств, 3 ", 27. ст. метро «Чкаловская»,9.0
"17. Площадь Островского, Автостоянка №14 1 "," 02. Лиговский просп., 153 (ТЦ ""Лиговъ"")",9.0
"19. ст. метро «Крестовский остров» (Морской просп., 45) "," 04. Загородный просп., 74",9.0
"20. Сенная площадь, 5 ", 27. ст. метро «Чкаловская»,9.0
"21. Синопская наб. (просп. Бакунина, 35) "," 22. Первая Советская ул., 7/124",9.0
"22. Первая Советская ул., 7/124 "," 13. Лиговский просп., 16 (Московский Вокзал)",9.0
24. ст. метро «Горьковская» ," 17. Площадь Островского, Автостоянка №14 1",9.0
27. ст. метро «Чкаловская» ," 15. ул. Комсомола, 35 (Площадь Ленина)",9.0
26. ст. метро «Спортивная» ," 03. Греческая площадь, Автостоянка №12",9.0
25. ст. метро «Приморская» ," 09. Невский просп., 35",9.0
"28. Чернышевского просп, 20 ", 23. ст. метро «Василеостровская»,9.0
"28. Чернышевского просп, 20 ", 26. ст. метро «Спортивная»,9.0
"28. Чернышевского просп, 20 "," 17. Площадь Островского, Автостоянка №14 1",9.0
"29. Кораблестроителей ул., Park Inn "," 14. Площадь Искусств, 3",8.0
27. ст. метро «Чкаловская» ," 20. Сенная площадь, 5",8.0
26. ст. метро «Спортивная» ," 18. Площадь Труда, 6",8.0
23. ст. метро «Василеостровская» , 10. Площадь Восстания,8.0
24. ст. метро «Горьковская» , 05. ст. метро «Лиговский проспект»,8.0
"22. Первая Советская ул., 7/124 ", 23. ст. метро «Василеостровская»,8.0
"20. Сенная площадь, 5 ", 26. ст. метро «Спортивная»,8.0
"19. ст. метро «Крестовский остров» (Морской просп., 45) "," 15. ул. Комсомола, 35 (Площадь Ленина)",8.0
16. ст. метро «Петроградская» (Площадь Льва Толстого) , 25. ст. метро «Приморская»,8.0
"17. Площадь Островского, Автостоянка №14 1 "," 11. Новочеркасский просп., 41/14",8.0
"17. Площадь Островского, Автостоянка №14 1 ", 12. Площадь Балтийского вокзала,8.0
"17. Площадь Островского, Автостоянка №14 1 ", 16. ст. метро «Петроградская» (Площадь Льва Толстого),8.0
"14. Площадь Искусств, 3 ", 05. ст. метро «Лиговский проспект»,8.0
"14. Площадь Искусств, 3 ", 26. ст. метро «Спортивная»,8.0
"14. Площадь Искусств, 3 "," 18. Площадь Труда, 6",8.0
"11. Новочеркасский просп., 41/14 "," 21. Синопская наб. (просп. Бакунина, 35)",8.0
"13. Лиговский просп., 16 (Московский Вокзал) ", 26. ст. метро «Спортивная»,8.0
"13. Лиговский просп., 16 (Московский Вокзал) "," 22. Первая Советская ул., 7/124",8.0
12. Площадь Балтийского вокзала ," 28. Чернышевского просп, 20",8.0
10. Площадь Восстания , 16. ст. метро «Петроградская» (Площадь Льва Толстого),8.0
"07. Марсово поле, 3 "," 29. Кораблестроителей ул., Park Inn",8.0
"07. Марсово поле, 3 ", 05. ст. метро «Лиговский проспект»,8.0
05. ст. метро «Лиговский проспект» , 12. Площадь Балтийского вокзала,8.0
"04. Загородный просп., 74 "," 07. Марсово поле, 3",8.0
"04. Загородный просп., 74 ", 26. ст. метро «Спортивная»,8.0
"02. Лиговский просп., 153 (ТЦ ""Лиговъ"") "," 14. Площадь Искусств, 3",7.0
05. ст. метро «Лиговский проспект» ," 03. Греческая площадь, Автостоянка №12",7.0
"04. Загородный просп., 74 "," 15. ул. Комсомола, 35 (Площадь Ленина)",7.0
05. ст. метро «Лиговский проспект» , 23. ст. метро «Василеостровская»,7.0
"08. Невский просп., 177 "," 07. Марсово поле, 3",7.0
"08. Невский просп., 177 ", 05. ст. метро «Лиговский проспект»,7.0
"08. Невский просп., 177 ", 26. ст. метро «Спортивная»,7.0
16. ст. метро «Петроградская» (Площадь Льва Толстого) ," 13. Лиговский просп., 16 (Московский Вокзал)",7.0
"15. ул. Комсомола, 35 (Площадь Ленина) ", 10. Площадь Восстания,7.0
"15. ул. Комсомола, 35 (Площадь Ленина) "," 02. Лиговский просп., 153 (ТЦ ""Лиговъ"")",7.0
"15. ул. Комсомола, 35 (Площадь Ленина) "," 04. Загородный просп., 74",7.0
"14. Площадь Искусств, 3 "," 08. Невский просп., 177",7.0
16. ст. метро «Петроградская» (Площадь Льва Толстого) ," 01. Вознесенский просп., 1",7.0
"18. Площадь Труда, 6 ", 26. ст. метро «Спортивная»,7.0
"20. Сенная площадь, 5 "," 02. Лиговский просп., 153 (ТЦ ""Лиговъ"")",7.0
"22. Первая Советская ул., 7/124 "," 04. Загородный просп., 74",7.0
"22. Первая Советская ул., 7/124 ", 05. ст. метро «Лиговский проспект»,7.0
"21. Синопская наб. (просп. Бакунина, 35) "," 13. Лиговский просп., 16 (Московский Вокзал)",7.0
"20. Сенная площадь, 5 "," 22. Первая Советская ул., 7/124",7.0
"22. Первая Советская ул., 7/124 "," 17. Площадь Островского, Автостоянка №14 1",7.0
"22. Первая Советская ул., 7/124 "," 01. Вознесенский просп., 1",7.0
23. ст. метро «Василеостровская» ," 17. Площадь Островского, Автостоянка №14 1",7.0
27. ст. метро «Чкаловская» ," 04. Загородный просп., 74",7.0
26. ст. метро «Спортивная» ," 17. Площадь Островского, Автостоянка №14 1",7.0
26. ст. метро «Спортивная» ," 28. Чернышевского просп, 20",7.0
26. ст. метро «Спортивная» ," 29. Кораблестроителей ул., Park Inn",7.0
24. ст. метро «Горьковская» , 25. ст. метро «Приморская»,7.0
26. ст. метро «Спортивная» , 05. ст. метро «Лиговский проспект»,7.0
25. ст. метро «Приморская» , 27. ст. метро «Чкаловская»,7.0
25. ст. метро «Приморская» , 24. ст. метро «Горьковская»,7.0
"28. Чернышевского просп, 20 "," 19. ст. метро «Крестовский остров» (Морской просп., 45)",7.0
27. ст. метро «Чкаловская» , 25. ст. метро «Приморская»,7.0
"29. Кораблестроителей ул., Park Inn "," 06. Малая Морская ул., 4/1 лит.А",7.0
"29. Кораблестроителей ул., Park Inn "," 09. Невский просп., 35",7.0
"29. Кораблестроителей ул., Park Inn ", 12. Площадь Балтийского вокзала,6.0
"28. Чернышевского просп, 20 ", 25. ст. метро «Приморская»,6.0
26. ст. метро «Спортивная» ," 14. Площадь Искусств, 3",6.0
27. ст. метро «Чкаловская» ," 13. Лиговский просп., 16 (Московский Вокзал)",6.0
27. ст. метро «Чкаловская» ," 01. Вознесенский просп., 1",6.0
24. ст. метро «Горьковская» ," 18. Площадь Труда, 6",6.0
"22. Первая Советская ул., 7/124 "," 20. Сенная площадь, 5",6.0
"22. Первая Советская ул., 7/124 "," 21. Синопская наб. (просп. Бакунина, 35)",6.0
"19. ст. метро «Крестовский остров» (Морской просп., 45) ", 12. Площадь Балтийского вокзала,6.0
"19. ст. метро «Крестовский остров» (Морской просп., 45) "," 13. Лиговский просп., 16 (Московский Вокзал)",6.0
"19. ст. метро «Крестовский остров» (Морской просп., 45) "," 14. Площадь Искусств, 3",6.0
"19. ст. метро «Крестовский остров» (Морской просп., 45) "," 02. Лиговский просп., 153 (ТЦ ""Лиговъ"")",6.0
"19. ст. метро «Крестовский остров» (Морской просп., 45) "," 20. Сенная площадь, 5",6.0
"18. Площадь Труда, 6 "," 13. Лиговский просп., 16 (Московский Вокзал)",6.0
16. ст. метро «Петроградская» (Площадь Льва Толстого) ," 17. Площадь Островского, Автостоянка №14 1",6.0
"14. Площадь Искусств, 3 "," 29. Кораблестроителей ул., Park Inn",6.0
"15. ул. Комсомола, 35 (Площадь Ленина) "," 01. Вознесенский просп., 1",6.0
"15. ул. Комсомола, 35 (Площадь Ленина) ", 25. ст. метро «Приморская»,6.0
16. ст. метро «Петроградская» (Площадь Льва Толстого) , 10. Площадь Восстания,6.0
"11. Новочеркасский просп., 41/14 "," 07. Марсово поле, 3",6.0
"11. Новочеркасский просп., 41/14 "," 02. Лиговский просп., 153 (ТЦ ""Лиговъ"")",6.0
"11. Новочеркасский просп., 41/14 "," 03. Греческая площадь, Автостоянка №12",6.0
"07. Марсово поле, 3 ", 12. Площадь Балтийского вокзала,6.0
"04. Загородный просп., 74 "," 29. Кораблестроителей ул., Park Inn",6.0
05. ст. метро «Лиговский проспект» ," 11. Новочеркасский просп., 41/14",6.0
"04. Загородный просп., 74 "," 22. Первая Советская ул., 7/124",6.0
"03. Греческая площадь, Автостоянка №12 ", 23. ст. метро «Василеостровская»,6.0
"02. Лиговский просп., 153 (ТЦ ""Лиговъ"") "," 22. Первая Советская ул., 7/124",6.0
"01. Вознесенский просп., 1 "," 22. Первая Советская ул., 7/124",6.0
"01. Вознесенский просп., 1 "," 19. ст. метро «Крестовский остров» (Морской просп., 45)",6.0
"01. Вознесенский просп., 1 "," 02. Лиговский просп., 153 (ТЦ ""Лиговъ"")",6.0
"01. Вознесенский просп., 1 "," 15. ул. Комсомола, 35 (Площадь Ленина)",6.0
"01. Вознесенский просп., 1 ", 25. ст. метро «Приморская»,5.0
"02. Лиговский просп., 153 (ТЦ ""Лиговъ"") "," 21. Синопская наб. (просп. Бакунина, 35)",5.0
"02. Лиговский просп., 153 (ТЦ ""Лиговъ"") "," 15. ул. Комсомола, 35 (Площадь Ленина)",5.0
"03. Греческая площадь, Автостоянка №12 ", 16. ст. метро «Петроградская» (Площадь Льва Толстого),5.0
"03. Греческая площадь, Автостоянка №12 ", 27. ст. метро «Чкаловская»,5.0
"04. Загородный просп., 74 "," 19. ст. метро «Крестовский остров» (Морской просп., 45)",5.0
05. ст. метро «Лиговский проспект» , 24. ст. метро «Горьковская»,5.0
"04. Загородный просп., 74 ", 27. ст. метро «Чкаловская»,5.0
"08. Невский просп., 177 "," 06. Малая Морская ул., 4/1 лит.А",5.0
10. Площадь Восстания ," 19. ст. метро «Крестовский остров» (Морской просп., 45)",5.0
"11. Новочеркасский просп., 41/14 "," 06. Малая Морская ул., 4/1 лит.А",5.0
"08. Невский просп., 177 ", 23. ст. метро «Василеостровская»,5.0
"13. Лиговский просп., 16 (Московский Вокзал) ", 27. ст. метро «Чкаловская»,5.0
"11. Новочеркасский просп., 41/14 "," 09. Невский просп., 35",5.0
"11. Новочеркасский просп., 41/14 "," 17. Площадь Островского, Автостоянка №14 1",5.0
12. Площадь Балтийского вокзала , 10. Площадь Восстания,5.0
"15. ул. Комсомола, 35 (Площадь Ленина) "," 13. Лиговский просп., 16 (Московский Вокзал)",5.0
"14. Площадь Искусств, 3 "," 11. Новочеркасский просп., 41/14",5.0
"18. Площадь Труда, 6 "," 19. ст. метро «Крестовский остров» (Морской просп., 45)",5.0
"18. Площадь Труда, 6 ", 25. ст. метро «Приморская»,5.0
"18. Площадь Труда, 6 ", 27. ст. метро «Чкаловская»,5.0
"17. Площадь Островского, Автостоянка №14 1 ", 26. ст. метро «Спортивная»,5.0
"20. Сенная площадь, 5 "," 19. ст. метро «Крестовский остров» (Морской просп., 45)",5.0
"19. ст. метро «Крестовский остров» (Морской просп., 45) "," 28. Чернышевского просп, 20",5.0
"19. ст. метро «Крестовский остров» (Морской просп., 45) ", 10. Площадь Восстания,5.0
"19. ст. метро «Крестовский остров» (Морской просп., 45) "," 11. Новочеркасский просп., 41/14",5.0
"21. Синопская наб. (просп. Бакунина, 35) ", 24. ст. метро «Горьковская»,5.0
24. ст. метро «Горьковская» , 12. Площадь Балтийского вокзала,5.0
27. ст. метро «Чкаловская» , 12. Площадь Балтийского вокзала,5.0
26. ст. метро «Спортивная» , 12. Площадь Балтийского вокзала,5.0
26. ст. метро «Спортивная» ," 02. Лиговский просп., 153 (ТЦ ""Лиговъ"")",5.0
25. ст. метро «Приморская» , 12. Площадь Балтийского вокзала,5.0
"29. Кораблестроителей ул., Park Inn "," 18. Площадь Труда, 6",5.0
"29. Кораблестроителей ул., Park Inn "," 01. Вознесенский просп., 1",5.0
"29. Кораблестроителей ул., Park Inn ", 27. ст. метро «Чкаловская»,5.0
"29. Кораблестроителей ул., Park Inn ", 24. ст. метро «Горьковская»,4.0
"29. Кораблестроителей ул., Park Inn ", 10. Площадь Восстания,4.0
"29. Кораблестроителей ул., Park Inn "," 19. ст. метро «Крестовский остров» (Морской просп., 45)",4.0
"28. Чернышевского просп, 20 ", 12. Площадь Балтийского вокзала,4.0
23. ст. метро «Василеостровская» ," 03. Греческая площадь, Автостоянка №12",4.0
23. ст. метро «Василеостровская» ," 08. Невский просп., 177",4.0
23. ст. метро «Василеостровская» ," 11. Новочеркасский просп., 41/14",4.0
"22. Первая Советская ул., 7/124 ", 27. ст. метро «Чкаловская»,4.0
24. ст. метро «Горьковская» ," 08. Невский просп., 177",4.0
24. ст. метро «Горьковская» ," 22. Первая Советская ул., 7/124",4.0
"21. Синопская наб. (просп. Бакунина, 35) "," 07. Марсово поле, 3",4.0
"21. Синопская наб. (просп. Бакунина, 35) "," 09. Невский просп., 35",4.0
"20. Сенная площадь, 5 "," 29. Кораблестроителей ул., Park Inn",4.0
"21. Синопская наб. (просп. Бакунина, 35) "," 11. Новочеркасский просп., 41/14",4.0
"21. Синопская наб. (просп. Бакунина, 35) "," 02. Лиговский просп., 153 (ТЦ ""Лиговъ"")",4.0
"20. Сенная площадь, 5 "," 15. ул. Комсомола, 35 (Площадь Ленина)",4.0
"19. ст. метро «Крестовский остров» (Морской просп., 45) "," 29. Кораблестроителей ул., Park Inn",4.0
"20. Сенная площадь, 5 "," 11. Новочеркасский просп., 41/14",4.0
"18. Площадь Труда, 6 "," 29. Кораблестроителей ул., Park Inn",4.0
"18. Площадь Труда, 6 "," 02. Лиговский просп., 153 (ТЦ ""Лиговъ"")",4.0
"17. Площадь Островского, Автостоянка №14 1 "," 15. ул. Комсомола, 35 (Площадь Ленина)",4.0
"17. Площадь Островского, Автостоянка №14 1 "," 08. Невский просп., 177",4.0
16. ст. метро «Петроградская» (Площадь Льва Толстого) ," 21. Синопская наб. (просп. Бакунина, 35)",4.0
"14. Площадь Искусств, 3 "," 02. Лиговский просп., 153 (ТЦ ""Лиговъ"")",4.0
"15. ул. Комсомола, 35 (Площадь Ленина) "," 08. Невский просп., 177",4.0
16. ст. метро «Петроградская» (Площадь Льва Толстого) ," 03. Греческая площадь, Автостоянка №12",4.0
16. ст. метро «Петроградская» (Площадь Льва Толстого) ," 04. Загородный просп., 74",4.0
12. Площадь Балтийского вокзала ," 08. Невский просп., 177",4.0
12. Площадь Балтийского вокзала ," 14. Площадь Искусств, 3",4.0
12. Площадь Балтийского вокзала ," 17. Площадь Островского, Автостоянка №14 1",4.0
"11. Новочеркасский просп., 41/14 "," 14. Площадь Искусств, 3",4.0
12. Площадь Балтийского вокзала , 26. ст. метро «Спортивная»,4.0
12. Площадь Балтийского вокзала , 24. ст. метро «Горьковская»,4.0
"08. Невский просп., 177 "," 17. Площадь Островского, Автостоянка №14 1",4.0
"11. Новочеркасский просп., 41/14 "," 01. Вознесенский просп., 1",4.0
10. Площадь Восстания , 25. ст. метро «Приморская»,4.0
10. Площадь Восстания , 26. ст. метро «Спортивная»,4.0
"09. Невский просп., 35 "," 29. Кораблестроителей ул., Park Inn",4.0
"06. Малая Морская ул., 4/1 лит.А "," 29. Кораблестроителей ул., Park Inn",4.0
"07. Марсово поле, 3 "," 08. Невский просп., 177",4.0
"06. Малая Морская ул., 4/1 лит.А "," 21. Синопская наб. (просп. Бакунина, 35)",4.0
"08. Невский просп., 177 ", 12. Площадь Балтийского вокзала,4.0
"07. Марсово поле, 3 "," 21. Синопская наб. (просп. Бакунина, 35)",4.0
05. ст. метро «Лиговский проспект» , 16. ст. метро «Петроградская» (Площадь Льва Толстого),4.0
05. ст. метро «Лиговский проспект» , 26. ст. метро «Спортивная»,4.0
05. ст. метро «Лиговский проспект» ," 22. Первая Советская ул., 7/124",4.0
"03. Греческая площадь, Автостоянка №12 ", 26. ст. метро «Спортивная»,4.0
"02. Лиговский просп., 153 (ТЦ ""Лиговъ"") "," 19. ст. метро «Крестовский остров» (Морской просп., 45)",4.0
"02. Лиговский просп., 153 (ТЦ ""Лиговъ"") "," 07. Марсово поле, 3",4.0
"02. Лиговский просп., 153 (ТЦ ""Лиговъ"") ", 23. ст. метро «Василеостровская»,3.0
"04. Загородный просп., 74 ", 16. ст. метро «Петроградская» (Площадь Льва Толстого),3.0
05. ст. метро «Лиговский проспект» ," 18. Площадь Труда, 6",3.0
05. ст. метро «Лиговский проспект» ," 07. Марсово поле, 3",3.0
05. ст. метро «Лиговский проспект» ," 15. ул. Комсомола, 35 (Площадь Ленина)",3.0
"07. Марсово поле, 3 "," 19. ст. метро «Крестовский остров» (Морской просп., 45)",3.0
"08. Невский просп., 177 "," 20. Сенная площадь, 5",3.0
"08. Невский просп., 177 "," 14. Площадь Искусств, 3",3.0
"08. Невский просп., 177 "," 04. Загородный просп., 74",3.0
"07. Марсово поле, 3 "," 02. Лиговский просп., 153 (ТЦ ""Лиговъ"")",3.0
"08. Невский просп., 177 ", 16. ст. метро «Петроградская» (Площадь Льва Толстого),3.0
"13. Лиговский просп., 16 (Московский Вокзал) "," 19. ст. метро «Крестовский остров» (Морской просп., 45)",3.0
"13. Лиговский просп., 16 (Московский Вокзал) ", 25. ст. метро «Приморская»,3.0
"11. Новочеркасский просп., 41/14 ", 27. ст. метро «Чкаловская»,3.0
"11. Новочеркасский просп., 41/14 ", 23. ст. метро «Василеостровская»,3.0
12. Площадь Балтийского вокзала ," 19. ст. метро «Крестовский остров» (Морской просп., 45)",3.0
"11. Новочеркасский просп., 41/14 ", 25. ст. метро «Приморская»,3.0
16. ст. метро «Петроградская» (Площадь Льва Толстого) ," 08. Невский просп., 177",3.0
16. ст. метро «Петроградская» (Площадь Льва Толстого) , 12. Площадь Балтийского вокзала,3.0
"15. ул. Комсомола, 35 (Площадь Ленина) "," 20. Сенная площадь, 5",3.0
"15. ул. Комсомола, 35 (Площадь Ленина) "," 18. Площадь Труда, 6",3.0
"14. Площадь Искусств, 3 ", 25. ст. метро «Приморская»,3.0
16. ст. метро «Петроградская» (Площадь Льва Толстого) ," 20. Сенная площадь, 5",3.0
"17. Площадь Островского, Автостоянка №14 1 ", 23. ст. метро «Василеостровская»,3.0
"18. Площадь Труда, 6 "," 03. Греческая площадь, Автостоянка №12",3.0
"18. Площадь Труда, 6 "," 22. Первая Советская ул., 7/124",3.0
"18. Площадь Труда, 6 "," 28. Чернышевского просп, 20",3.0
"19. ст. метро «Крестовский остров» (Морской просп., 45) "," 08. Невский просп., 177",3.0
"20. Сенная площадь, 5 "," 08. Невский просп., 177",3.0
"19. ст. метро «Крестовский остров» (Морской просп., 45) "," 21. Синопская наб. (просп. Бакунина, 35)",3.0
"22. Первая Советская ул., 7/124 "," 02. Лиговский просп., 153 (ТЦ ""Лиговъ"")",3.0
"22. Первая Советская ул., 7/124 ", 24. ст. метро «Горьковская»,3.0
25. ст. метро «Приморская» , 16. ст. метро «Петроградская» (Площадь Льва Толстого),3.0
25. ст. метро «Приморская» ," 17. Площадь Островского, Автостоянка №14 1",3.0
25. ст. метро «Приморская» ," 04. Загородный просп., 74",3.0
26. ст. метро «Спортивная» ," 04. Загородный просп., 74",3.0
25. ст. метро «Приморская» ," 13. Лиговский просп., 16 (Московский Вокзал)",3.0
27. ст. метро «Чкаловская» , 10. Площадь Восстания,3.0
"29. Кораблестроителей ул., Park Inn ", 05. ст. метро «Лиговский проспект»,3.0
"29. Кораблестроителей ул., Park Inn "," 28. Чернышевского просп, 20",3.0
"29. Кораблестроителей ул., Park Inn "," 13. Лиговский просп., 16 (Московский Вокзал)",2.0
"29. Кораблестроителей ул., Park Inn "," 20. Сенная площадь, 5",2.0
"29. Кораблестроителей ул., Park Inn "," 04. Загородный просп., 74",2.0
27. ст. метро «Чкаловская» ," 17. Площадь Островского, Автостоянка №14 1",2.0
25. ст. метро «Приморская» ," 22. Первая Советская ул., 7/124",2.0
25. ст. метро «Приморская» ," 14. Площадь Искусств, 3",2.0
25. ст. метро «Приморская» ," 20. Сенная площадь, 5",2.0
25. ст. метро «Приморская» ," 28. Чернышевского просп, 20",2.0
25. ст. метро «Приморская» ," 11. Новочеркасский просп., 41/14",2.0
23. ст. метро «Василеостровская» ," 21. Синопская наб. (просп. Бакунина, 35)",2.0
23. ст. метро «Василеостровская» ," 02. Лиговский просп., 153 (ТЦ ""Лиговъ"")",2.0
"22. Первая Советская ул., 7/124 ", 26. ст. метро «Спортивная»,2.0
"22. Первая Советская ул., 7/124 "," 15. ул. Комсомола, 35 (Площадь Ленина)",2.0
"22. Первая Советская ул., 7/124 ", 16. ст. метро «Петроградская» (Площадь Льва Толстого),2.0
"21. Синопская наб. (просп. Бакунина, 35) "," 14. Площадь Искусств, 3",2.0
"21. Синопская наб. (просп. Бакунина, 35) ", 16. ст. метро «Петроградская» (Площадь Льва Толстого),2.0
"21. Синопская наб. (просп. Бакунина, 35) ", 12. Площадь Балтийского вокзала,2.0
"21. Синопская наб. (просп. Бакунина, 35) "," 06. Малая Морская ул., 4/1 лит.А",2.0
"19. ст. метро «Крестовский остров» (Морской просп., 45) "," 22. Первая Советская ул., 7/124",2.0
"20. Сенная площадь, 5 ", 16. ст. метро «Петроградская» (Площадь Льва Толстого),2.0
"18. Площадь Труда, 6 "," 14. Площадь Искусств, 3",2.0
"18. Площадь Труда, 6 ", 24. ст. метро «Горьковская»,2.0
"18. Площадь Труда, 6 ", 16. ст. метро «Петроградская» (Площадь Льва Толстого),2.0
"18. Площадь Труда, 6 "," 17. Площадь Островского, Автостоянка №14 1",2.0
"17. Площадь Островского, Автостоянка №14 1 ", 25. ст. метро «Приморская»,2.0
"17. Площадь Островского, Автостоянка №14 1 "," 18. Площадь Труда, 6",2.0
16. ст. метро «Петроградская» (Площадь Льва Толстого) ," 18. Площадь Труда, 6",2.0
"15. ул. Комсомола, 35 (Площадь Ленина) ", 12. Площадь Балтийского вокзала,2.0
"15. ул. Комсомола, 35 (Площадь Ленина) "," 17. Площадь Островского, Автостоянка №14 1",2.0
"15. ул. Комсомола, 35 (Площадь Ленина) "," 22. Первая Советская ул., 7/124",2.0
16. ст. метро «Петроградская» (Площадь Льва Толстого) ," 02. Лиговский просп., 153 (ТЦ ""Лиговъ"")",2.0
12. Площадь Балтийского вокзала , 16. ст. метро «Петроградская» (Площадь Льва Толстого),2.0
"11. Новочеркасский просп., 41/14 ", 26. ст. метро «Спортивная»,2.0
12. Площадь Балтийского вокзала ," 22. Первая Советская ул., 7/124",2.0
12. Площадь Балтийского вокзала , 25. ст. метро «Приморская»,2.0
12. Площадь Балтийского вокзала , 27. ст. метро «Чкаловская»,2.0
12. Площадь Балтийского вокзала ," 29. Кораблестроителей ул., Park Inn",2.0
"13. Лиговский просп., 16 (Московский Вокзал) "," 18. Площадь Труда, 6",2.0
"08. Невский просп., 177 ", 24. ст. метро «Горьковская»,2.0
"08. Невский просп., 177 ", 25. ст. метро «Приморская»,2.0
10. Площадь Восстания , 12. Площадь Балтийского вокзала,2.0
10. Площадь Восстания ," 18. Площадь Труда, 6",2.0
"11. Новочеркасский просп., 41/14 "," 04. Загородный просп., 74",2.0
"11. Новочеркасский просп., 41/14 ", 05. ст. метро «Лиговский проспект»,2.0
"07. Марсово поле, 3 ", 25. ст. метро «Приморская»,2.0
"08. Невский просп., 177 "," 01. Вознесенский просп., 1",2.0
05. ст. метро «Лиговский проспект» ," 19. ст. метро «Крестовский остров» (Морской просп., 45)",2.0
05. ст. метро «Лиговский проспект» ," 29. Кораблестроителей ул., Park Inn",2.0
"04. Загородный просп., 74 ", 25. ст. метро «Приморская»,2.0
"03. Греческая площадь, Автостоянка №12 ", 12. Площадь Балтийского вокзала,2.0
"01. Вознесенский просп., 1 "," 08. Невский просп., 177",2.0
"01. Вознесенский просп., 1 "," 21. Синопская наб. (просп. Бакунина, 35)",2.0
"02. Лиговский просп., 153 (ТЦ ""Лиговъ"") ", 26. ст. метро «Спортивная»,1.0
"02. Лиговский просп., 153 (ТЦ ""Лиговъ"") ", 27. ст. метро «Чкаловская»,1.0
"03. Греческая площадь, Автостоянка №12 "," 18. Площадь Труда, 6",1.0
"03. Греческая площадь, Автостоянка №12 ", 25. ст. метро «Приморская»,1.0
"03. Греческая площадь, Автостоянка №12 "," 29. Кораблестроителей ул., Park Inn",1.0
"04. Загородный просп., 74 "," 11. Новочеркасский просп., 41/14",1.0
"04. Загородный просп., 74 "," 21. Синопская наб. (просп. Бакунина, 35)",1.0
05. ст. метро «Лиговский проспект» ," 21. Синопская наб. (просп. Бакунина, 35)",1.0
"08. Невский просп., 177 "," 19. ст. метро «Крестовский остров» (Морской просп., 45)",1.0
"08. Невский просп., 177 ", 27. ст. метро «Чкаловская»,1.0
"08. Невский просп., 177 "," 29. Кораблестроителей ул., Park Inn",1.0
"11. Новочеркасский просп., 41/14 ", 12. Площадь Балтийского вокзала,1.0
12. Площадь Балтийского вокзала ," 15. ул. Комсомола, 35 (Площадь Ленина)",1.0
"13. Лиговский просп., 16 (Московский Вокзал) "," 29. Кораблестроителей ул., Park Inn",1.0
"14. Площадь Искусств, 3 ", 12. Площадь Балтийского вокзала,1.0
"14. Площадь Искусств, 3 "," 21. Синопская наб. (просп. Бакунина, 35)",1.0
"17. Площадь Островского, Автостоянка №14 1 "," 21. Синопская наб. (просп. Бакунина, 35)",1.0
"17. Площадь Островского, Автостоянка №14 1 "," 22. Первая Советская ул., 7/124",1.0
"17. Площадь Островского, Автостоянка №14 1 ", 27. ст. метро «Чкаловская»,1.0
"18. Площадь Труда, 6 ", 05. ст. метро «Лиговский проспект»,1.0
"18. Площадь Труда, 6 "," 11. Новочеркасский просп., 41/14",1.0
"18. Площадь Труда, 6 "," 15. ул. Комсомола, 35 (Площадь Ленина)",1.0
"19. ст. метро «Крестовский остров» (Морской просп., 45) "," 03. Греческая площадь, Автостоянка №12",1.0
"19. ст. метро «Крестовский остров» (Морской просп., 45) "," 07. Марсово поле, 3",1.0
"19. ст. метро «Крестовский остров» (Морской просп., 45) "," 18. Площадь Труда, 6",1.0
"20. Сенная площадь, 5 "," 21. Синопская наб. (просп. Бакунина, 35)",1.0
"21. Синопская наб. (просп. Бакунина, 35) "," 01. Вознесенский просп., 1",1.0
"21. Синопская наб. (просп. Бакунина, 35) "," 04. Загородный просп., 74",1.0
"21. Синопская наб. (просп. Бакунина, 35) "," 15. ул. Комсомола, 35 (Площадь Ленина)",1.0
"21. Синопская наб. (просп. Бакунина, 35) "," 17. Площадь Островского, Автостоянка №14 1",1.0
"21. Синопская наб. (просп. Бакунина, 35) "," 20. Сенная площадь, 5",1.0
"21. Синопская наб. (просп. Бакунина, 35) ", 23. ст. метро «Василеостровская»,1.0
"22. Первая Советская ул., 7/124 "," 19. ст. метро «Крестовский остров» (Морской просп., 45)",1.0
"22. Первая Советская ул., 7/124 ", 25. ст. метро «Приморская»,1.0
"22. Первая Советская ул., 7/124 "," 29. Кораблестроителей ул., Park Inn",1.0
23. ст. метро «Василеостровская» ," 22. Первая Советская ул., 7/124",1.0
25. ст. метро «Приморская» ," 02. Лиговский просп., 153 (ТЦ ""Лиговъ"")",1.0
25. ст. метро «Приморская» ," 15. ул. Комсомола, 35 (Площадь Ленина)",1.0
25. ст. метро «Приморская» ," 21. Синопская наб. (просп. Бакунина, 35)",1.0
26. ст. метро «Спортивная» ," 13. Лиговский просп., 16 (Московский Вокзал)",1.0
26. ст. метро «Спортивная» ," 22. Первая Советская ул., 7/124",1.0
27. ст. метро «Чкаловская» ," 03. Греческая площадь, Автостоянка №12",1.0
27. ст. метро «Чкаловская» , 05. ст. метро «Лиговский проспект»,1.0
27. ст. метро «Чкаловская» ," 08. Невский просп., 177",1.0
27. ст. метро «Чкаловская» ," 14. Площадь Искусств, 3",1.0
27. ст. метро «Чкаловская» ," 18. Площадь Труда, 6",1.0
27. ст. метро «Чкаловская» ," 22. Первая Советская ул., 7/124",1.0
27. ст. метро «Чкаловская» ," 29. Кораблестроителей ул., Park Inn",1.0
"28. Чернышевского просп, 20 "," 29. Кораблестроителей ул., Park Inn",1.0
"29. Кораблестроителей ул., Park Inn "," 11. Новочеркасский просп., 41/14",1.0
